Title,Question_Num,url
C100,100,https://blog.hamayanhamayan.com/entry/2018/06/17/104158
C103,103,https://blog.hamayanhamayan.com/entry/2018/07/21/225828
C104,104,https://blog.hamayanhamayan.com/entry/2018/08/05/232112
C106,106,https://blog.hamayanhamayan.com/entry/2018/08/18/232154
C109,109,https://blog.hamayanhamayan.com/entry/2018/09/09/004259
C110,110,https://blog.hamayanhamayan.com/entry/2018/09/23/234811
C112,112,https://blog.hamayanhamayan.com/entry/2018/10/06/233650
C113,113,https://blog.hamayanhamayan.com/entry/2018/11/07/190731
C114,114,https://blog.hamayanhamayan.com/entry/2018/12/02/231238
C115,115,https://blog.hamayanhamayan.com/entry/2018/12/09/095811
C116,116,https://blog.hamayanhamayan.com/entry/2019/01/20/235557
C118,118,https://blog.hamayanhamayan.com/entry/2019/02/17/002418
C119,119,https://blog.hamayanhamayan.com/entry/2019/02/24/235359
C120,120,https://blog.hamayanhamayan.com/entry/2019/03/03/233251
C122,122,https://blog.hamayanhamayan.com/entry/2019/03/25/231455
C123,123,https://blog.hamayanhamayan.com/entry/2019/04/07/104037
C124,124,https://blog.hamayanhamayan.com/entry/2019/04/14/001053
C125,125,https://blog.hamayanhamayan.com/entry/2019/04/28/085936
C126,126,https://blog.hamayanhamayan.com/entry/2019/05/20/231750
C128,128,https://blog.hamayanhamayan.com/entry/2019/06/03/202146
C129,129,https://blog.hamayanhamayan.com/entry/2019/06/10/003202
C130,130,https://blog.hamayanhamayan.com/entry/2019/06/17/210553
C131,131,https://blog.hamayanhamayan.com/entry/2019/06/22/225606
C132,132,https://blog.hamayanhamayan.com/entry/2019/06/30/100033
C133,133,https://blog.hamayanhamayan.com/entry/2019/07/08/212920
C134,134,https://blog.hamayanhamayan.com/entry/2019/07/20/232444
C135,135,https://blog.hamayanhamayan.com/entry/2019/07/28/111818
C136,136,https://blog.hamayanhamayan.com/entry/2019/08/07/204311
C137,137,https://blog.hamayanhamayan.com/entry/2019/08/14/131211
C138,138,https://blog.hamayanhamayan.com/entry/2019/08/19/024028
C139,139,https://blog.hamayanhamayan.com/entry/2019/09/04/220606_2
C140,140,https://blog.hamayanhamayan.com/entry/2019/09/11/203310
C141,141,https://atcoder.jp/contests/abc141/editorial/2210
C142,142,https://blog.hamayanhamayan.com/entry/2019/09/28/230626_1
C143,143,https://blog.hamayanhamayan.com/entry/2019/10/19/234640
C144,144,https://blog.hamayanhamayan.com/entry/2019/10/27/233431_1
C145,145,https://blog.hamayanhamayan.com/entry/2019/11/16/233917
C146,146,https://blog.hamayanhamayan.com/entry/2019/11/24/231012
C147,147,https://blog.hamayanhamayan.com/entry/2019/12/13/214342
C148,148,https://blog.hamayanhamayan.com/entry/2019/12/23/215937
C150,150,https://blog.hamayanhamayan.com/entry/2020/01/11/144924
C151,151,https://blog.hamayanhamayan.com/entry/2020/01/12/225850
C152,152,https://blog.hamayanhamayan.com/entry/2020/01/25/120726
C154,154,https://blog.hamayanhamayan.com/entry/2020/02/09/224942
C155,155,https://blog.hamayanhamayan.com/entry/2020/02/16/230827
C156,156,https://blog.hamayanhamayan.com/entry/2020/02/24/091829
C157,157,https://blog.hamayanhamayan.com/entry/2020/03/02/000908
C160,160,https://blog.hamayanhamayan.com/entry/2020/03/29/034804
C167,167,https://blog.hamayanhamayan.com/entry/2020/05/10/232813
C169,169,https://blog.hamayanhamayan.com/entry/2020/06/01/210603
C170,170,https://blog.hamayanhamayan.com/entry/2020/06/14/231912
C171,171,https://blog.hamayanhamayan.com/entry/2020/06/23/193042
C172,172,https://blog.hamayanhamayan.com/entry/2020/06/27/230511
C173,173,https://blog.hamayanhamayan.com/entry/2020/07/05/235310
C175,175,https://atcoder.jp/contests/abc175/editorial/52
C176,176,https://atcoder.jp/contests/abc176/editorial/61
C177,177,https://atcoder.jp/contests/abc177/editorial/88
C178,178,https://atcoder.jp/contests/abc178/editorial/104
C179,179,https://atcoder.jp/contests/abc179/editorial/99
C180,180,https://atcoder.jp/contests/abc180/editorial/181
C181,181,https://atcoder.jp/contests/abc181/editorial/258
C182,182,https://atcoder.jp/contests/abc182/editorial/290
C183,183,https://atcoder.jp/contests/abc183/editorial/286
C185,185,https://atcoder.jp/contests/abc185/editorial/358
C186,186,https://atcoder.jp/contests/abc186/editorial/403
C187,187,https://atcoder.jp/contests/abc187/editorial/485
C188,188,https://atcoder.jp/contests/abc188/editorial/481
C189,189,https://atcoder.jp/contests/abc189/editorial/533
C190,190,https://atcoder.jp/contests/abc190/editorial/626
C191,191,https://atcoder.jp/contests/abc191/editorial/612
C192,192,https://blog.hamayanhamayan.com/entry/2021/02/20/233616
C193,193,https://atcoder.jp/contests/abc193/editorial/1093
C194,194,https://blog.hamayanhamayan.com/entry/2021/03/07/000632
C195,195,https://blog.hamayanhamayan.com/entry/2021/03/14/002012
C199,199,https://blog.hamayanhamayan.com/entry/2021/04/25/002202
C200,200,https://blog.hamayanhamayan.com/entry/2021/05/08/233451
C201,201,https://blog.hamayanhamayan.com/entry/2021/05/15/235640
C202,202,https://blog.hamayanhamayan.com/entry/2021/05/22/225302
C203,203,https://blog.hamayanhamayan.com/entry/2021/05/30/225813
C208,208,https://blog.hamayanhamayan.com/entry/2021/07/05/013118
C209,209,https://blog.hamayanhamayan.com/entry/2021/07/11/153920
C210,210,https://blog.hamayanhamayan.com/entry/2021/07/17/233052
C211,211,https://atcoder.jp/contests/abc211/editorial/2287
C212,212,https://atcoder.jp/contests/abc212/editorial/2644
C213,213,https://blog.hamayanhamayan.com/entry/2021/08/09/010106
C215,215,https://blog.hamayanhamayan.com/entry/2021/08/21/235037
C216,216,https://blog.hamayanhamayan.com/entry/2021/08/29/230859
C217,217,https://atcoder.jp/contests/abc217/editorial/3738
C218,218,https://atcoder.jp/contests/abc218/editorial/2637
C219,219,https://blog.hamayanhamayan.com/entry/2021/10/10/145543
C220,220,https://atcoder.jp/contests/abc220/editorial/2683
C221,221,https://atcoder.jp/contests/abc221/editorial/2730
C222,222,https://blog.hamayanhamayan.com/entry/2021/10/10/131439
C223,223,https://atcoder.jp/contests/abc223/editorial/2773
C224,224,https://atcoder.jp/contests/abc224/editorial/2826
C225,225,https://atcoder.jp/contests/abc225/editorial/2845
C226,226,https://atcoder.jp/contests/abc226/editorial/2887
C227,227,https://atcoder.jp/contests/abc227/editorial/2927
C228,228,https://atcoder.jp/contests/abc228/editorial/2943
C229,229,https://atcoder.jp/contests/abc229/editorial/2961
C230,230,https://atcoder.jp/contests/abc230/editorial/3025
C231,231,https://atcoder.jp/contests/abc231/editorial/3075
C232,232,https://atcoder.jp/contests/abc232/editorial/3143
C234,234,https://atcoder.jp/contests/abc234/editorial/3224
C235,235,https://atcoder.jp/contests/abc235/editorial/3256
C236,236,https://atcoder.jp/contests/abc236/editorial/3277
C237,237,https://atcoder.jp/contests/abc237/editorial/3338
C238,238,https://atcoder.jp/contests/abc238/editorial/3373
C239,239,https://atcoder.jp/contests/abc239/editorial/3403
C240,240,https://atcoder.jp/contests/abc240/editorial/3421
C241,241,https://atcoder.jp/contests/abc241/editorial/3490
C242,242,https://atcoder.jp/contests/abc242/editorial/3515
C243,243,https://atcoder.jp/contests/abc243/editorial/3542
C244,244,https://atcoder.jp/contests/abc244/editorial/3625
C245,245,https://blog.hamayanhamayan.com/entry/2022/03/26/230115
C246,246,https://atcoder.jp/contests/abc246/editorial/3707
C248,248,https://blog.hamayanhamayan.com/entry/2022/04/16/224328
C249,249,https://blog.hamayanhamayan.com/entry/2022/04/23/225246
C250,250,https://atcoder.jp/contests/abc250/editorial/3905
C251,251,https://atcoder.jp/contests/abc251/editorial/3968
C252,252,https://atcoder.jp/contests/abc252/editorial/3997
C253,253,https://atcoder.jp/contests/abc253/editorial/4019
C254,254,https://atcoder.jp/contests/abc254/editorial/4051
C255,255,https://atcoder.jp/contests/abc255/editorial/4111
C256,256,https://atcoder.jp/contests/abc256/editorial/4159
C257,257,https://atcoder.jp/contests/abc257/editorial/4191
C258,258,https://atcoder.jp/contests/abc258/editorial/4257
C259,259,https://atcoder.jp/contests/abc259/editorial/4433
C260,260,https://atcoder.jp/contests/abc260/editorial/4488
C261,261,https://atcoder.jp/contests/abc261/editorial/4499
C262,262,https://atcoder.jp/contests/abc262/editorial/4539
C263,263,https://atcoder.jp/contests/abc263/editorial/4542
C264,264,https://atcoder.jp/contests/abc264/editorial/4604
C265,265,https://atcoder.jp/contests/abc265/editorial/4644
C266,266,https://atcoder.jp/contests/abc266/editorial/4723
C267,267,https://atcoder.jp/contests/abc267/editorial/4760
C268,268,https://atcoder.jp/contests/abc268/editorial/4776
C269,269,https://atcoder.jp/contests/abc269/editorial/4858
C270,270,https://atcoder.jp/contests/abc270/editorial/4878
C271,271,https://atcoder.jp/contests/abc271/editorial/4937
C272,272,https://atcoder.jp/contests/abc272/editorial/4971
C273,273,https://atcoder.jp/contests/abc273/editorial/5018
C274,274,https://atcoder.jp/contests/abc274/editorial/5019
C275,275,https://atcoder.jp/contests/abc275/editorial/5141
C276,276,https://atcoder.jp/contests/abc276/editorial/5161
C277,277,https://atcoder.jp/contests/abc277/editorial/5209
C278,278,https://atcoder.jp/contests/abc278/editorial/5230
C279,279,https://atcoder.jp/contests/abc279/editorial/5283
C280,280,https://atcoder.jp/contests/abc280/editorial/5305
C281,281,https://atcoder.jp/contests/abc281/editorial/5364
C282,282,https://atcoder.jp/contests/abc282/editorial/5399
C283,283,https://atcoder.jp/contests/abc283/editorial/5428
C284,284,https://atcoder.jp/contests/abc284/editorial/5479
C285,285,https://atcoder.jp/contests/abc285/editorial/5570
C286,286,https://atcoder.jp/contests/abc286/editorial/5587
C287,287,https://atcoder.jp/contests/abc287/editorial/5608
C289,289,https://atcoder.jp/contests/abc289/editorial/5730
C290,290,https://atcoder.jp/contests/abc290/editorial/5756
C291,291,https://atcoder.jp/contests/abc291/editorial/5837
C292,292,https://atcoder.jp/contests/abc292/editorial/5872
C293,293,https://atcoder.jp/contests/abc293/editorial/5948
C294,294,https://atcoder.jp/contests/abc294/editorial/5989
C295,295,https://atcoder.jp/contests/abc295/tasks/abc295_c/editorial?editorialLang=en
C296,296,https://atcoder.jp/contests/abc296/editorial/6095
C297,297,https://atcoder.jp/contests/abc297/editorial/6175
C298,298,https://atcoder.jp/contests/abc298/editorial/6217
C299,299,https://atcoder.jp/contests/abc299/editorial/6214
C300,300,https://atcoder.jp/contests/abc300/editorial/6280
C301,301,https://atcoder.jp/contests/abc301/editorial/6339
C302,302,https://atcoder.jp/contests/abc302/editorial/6408
C303,303,https://atcoder.jp/contests/abc303/editorial/6440
C304,304,https://atcoder.jp/contests/abc304/editorial/6512
C305,305,https://atcoder.jp/contests/abc305/editorial/6559
C306,306,https://atcoder.jp/contests/abc306/tasks/abc306_c/editorial?editorialLang=en
C307,307,https://atcoder.jp/contests/abc307/editorial/6664
C308,308,https://atcoder.jp/contests/abc308/editorial/6689
C309,309,https://atcoder.jp/contests/abc309/editorial/6768
C310,310,https://atcoder.jp/contests/abc310/editorial/6790
C311,311,https://atcoder.jp/contests/abc311/editorial/6820
C312,312,https://atcoder.jp/contests/abc312/editorial/6856
C313,313,https://atcoder.jp/contests/abc313/tasks/abc313_c/editorial?editorialLang=en
D100,100,https://blog.hamayanhamayan.com/entry/2018/06/17/113721
D103,103,https://blog.hamayanhamayan.com/entry/2018/07/21/225127
D104,104,https://atcoder.jp/contests/abc104/editorial/4949
D105,105,https://blog.hamayanhamayan.com/entry/2018/08/12/010816
D106,106,https://blog.hamayanhamayan.com/entry/2018/08/18/234325
D109,109,https://blog.hamayanhamayan.com/entry/2018/09/09/004851
D110,110,https://blog.hamayanhamayan.com/entry/2018/09/23/234827
D112,112,https://blog.hamayanhamayan.com/entry/2018/10/06/233701
D113,113,https://blog.hamayanhamayan.com/entry/2018/11/07/191343
D114,114,https://blog.hamayanhamayan.com/entry/2018/12/02/233028
D115,115,https://blog.hamayanhamayan.com/entry/2018/12/09/101457
D119,119,https://blog.hamayanhamayan.com/entry/2019/02/25/000533
D120,120,https://blog.hamayanhamayan.com/entry/2019/03/03/234427
D122,122,https://blog.hamayanhamayan.com/entry/2019/03/25/232610
D123,123,https://blog.hamayanhamayan.com/entry/2019/04/07/113100
D124,124,https://blog.hamayanhamayan.com/entry/2019/04/14/100439
D125,125,https://blog.hamayanhamayan.com/entry/2019/04/28/091246
D126,126,https://blog.hamayanhamayan.com/entry/2019/05/20/232041
D128,128,https://blog.hamayanhamayan.com/entry/2019/06/03/203333
D129,129,https://blog.hamayanhamayan.com/entry/2019/06/10/003214
D130,130,https://blog.hamayanhamayan.com/entry/2019/06/17/211704
D131,131,https://blog.hamayanhamayan.com/entry/2019/06/22/225622
D132,132,https://blog.hamayanhamayan.com/entry/2019/06/30/104521
D133,133,https://blog.hamayanhamayan.com/entry/2019/07/08/212938
D134,134,https://blog.hamayanhamayan.com/entry/2019/07/20/233440
D135,135,https://blog.hamayanhamayan.com/entry/2019/07/28/111821
D136,136,https://blog.hamayanhamayan.com/entry/2019/08/07/204315
D137,137,https://blog.hamayanhamayan.com/entry/2019/08/14/131214
D138,138,https://blog.hamayanhamayan.com/entry/2019/08/19/024030
D139,139,https://blog.hamayanhamayan.com/entry/2019/09/04/220606_1
D140,140,https://blog.hamayanhamayan.com/entry/2019/09/11/203310_2
D142,142,https://blog.hamayanhamayan.com/entry/2019/09/28/230805
D143,143,https://blog.hamayanhamayan.com/entry/2019/10/19/224640_2
D144,144,https://blog.hamayanhamayan.com/entry/2019/10/27/233430
D145,145,https://blog.hamayanhamayan.com/entry/2019/11/16/233738
D146,146,https://blog.hamayanhamayan.com/entry/2019/11/24/231120
D147,147,https://blog.hamayanhamayan.com/entry/2019/12/13/214444
D148,148,https://blog.hamayanhamayan.com/entry/2019/12/23/220043
D150,150,https://blog.hamayanhamayan.com/entry/2020/01/11/145024
D151,151,https://blog.hamayanhamayan.com/entry/2020/01/12/225950
D152,152,https://blog.hamayanhamayan.com/entry/2020/01/25/120826
D153,153,https://blog.hamayanhamayan.com/entry/2020/01/27/202817
D154,154,https://blog.hamayanhamayan.com/entry/2020/02/09/225043
D155,155,https://blog.hamayanhamayan.com/entry/2020/02/16/230926
D156,156,https://blog.hamayanhamayan.com/entry/2020/02/24/091929
D157,157,https://blog.hamayanhamayan.com/entry/2020/03/02/001029
D160,160,https://blog.hamayanhamayan.com/entry/2020/03/29/000745
D161,161,https://blog.hamayanhamayan.com/entry/2020/04/04/231247
D164,164,https://blog.hamayanhamayan.com/entry/2020/04/26/232032
D167,167,https://blog.hamayanhamayan.com/entry/2020/05/10/232914
D169,169,https://blog.hamayanhamayan.com/entry/2020/06/01/210704
D170,170,https://blog.hamayanhamayan.com/entry/2020/06/14/232009
D171,171,https://blog.hamayanhamayan.com/entry/2020/06/23/193140
D173,173,https://blog.hamayanhamayan.com/entry/2020/07/05/235409
D175,175,https://atcoder.jp/contests/abc175/editorial/4722
D176,176,https://atcoder.jp/contests/abc176/editorial/65
D177,177,https://atcoder.jp/contests/abc177/editorial/90
D178,178,https://atcoder.jp/contests/abc178/editorial/2430
D179,179,https://maspypy.com/atcoder-%e5%8f%82%e5%8a%a0%e6%84%9f%e6%83%b3-2020-09-19abc-179#toc3
D180,180,https://atcoder.jp/contests/abc180/editorial/1172
D181,181,https://atcoder.jp/contests/abc181/editorial/259
D182,182,https://atcoder.jp/contests/abc182/editorial/291
D183,183,https://atcoder.jp/contests/abc183/editorial/284
D185,185,https://atcoder.jp/contests/abc185/editorial/357
D186,186,https://atcoder.jp/contests/abc186/editorial/402
D187,187,https://atcoder.jp/contests/abc187/editorial/486
D188,188,https://atcoder.jp/contests/abc188/editorial/346
D189,189,https://atcoder.jp/contests/abc189/editorial/537
D190,190,https://atcoder.jp/contests/abc190/editorial/643
D191,191,https://atcoder.jp/contests/abc191/editorial/611
D192,192,https://blog.hamayanhamayan.com/entry/2021/02/20/233715
D193,193,https://atcoder.jp/contests/abc193/editorial/810
D194,194,https://blog.hamayanhamayan.com/entry/2021/03/07/000733
D195,195,https://blog.hamayanhamayan.com/entry/2021/03/14/002113
D196,196,https://blog.hamayanhamayan.com/entry/2021/03/21/124541
D198,198,https://blog.hamayanhamayan.com/entry/2021/04/11/225553
D201,201,https://blog.hamayanhamayan.com/entry/2021/05/15/235741
D202,202,https://blog.hamayanhamayan.com/entry/2021/05/22/225424
D203,203,https://blog.hamayanhamayan.com/entry/2021/05/30/225914
D208,208,https://blog.hamayanhamayan.com/entry/2021/07/05/013220
D209,209,https://blog.hamayanhamayan.com/entry/2021/07/11/154020
D211,211,https://atcoder.jp/contests/abc211/editorial/2003
D212,212,https://blog.hamayanhamayan.com/entry/2021/08/01/012059
D213,213,https://blog.hamayanhamayan.com/entry/2021/08/09/010207
D214,214,https://blog.hamayanhamayan.com/entry/2021/08/15/034729
D215,215,https://atcoder.jp/contests/abc215/editorial/2539
D216,216,https://blog.hamayanhamayan.com/entry/2021/08/29/230959
D218,218,https://atcoder.jp/contests/abc218/editorial/2636
D219,219,https://blog.hamayanhamayan.com/entry/2021/10/10/151003
D220,220,https://atcoder.jp/contests/abc220/editorial/2682
D221,221,https://atcoder.jp/contests/abc221/editorial/2722
D222,222,https://blog.hamayanhamayan.com/entry/2021/10/10/133722
D224,224,https://atcoder.jp/contests/abc224/editorial/2813
D225,225,https://atcoder.jp/contests/abc225/editorial/2832
D226,226,https://atcoder.jp/contests/abc226/editorial/2880
D227,227,https://atcoder.jp/contests/abc227/editorial/2928
D228,228,https://atcoder.jp/contests/abc228/editorial/2962
D229,229,https://atcoder.jp/contests/abc229/editorial/2956
D230,230,https://atcoder.jp/contests/abc230/editorial/3013
D231,231,https://atcoder.jp/contests/abc231/editorial/3063
D232,232,https://atcoder.jp/contests/abc232/editorial/3146
D233,233,https://atcoder.jp/contests/abc233/editorial/3163
D235,235,https://atcoder.jp/contests/abc235/editorial/3255
D236,236,https://atcoder.jp/contests/abc236/editorial/3316
D237,237,https://atcoder.jp/contests/abc237/editorial/3323
D238,238,https://atcoder.jp/contests/abc238/editorial/3374
D239,239,https://atcoder.jp/contests/abc239/editorial/3384
D240,240,https://atcoder.jp/contests/abc240/editorial/3424
D241,241,https://atcoder.jp/contests/abc241/editorial/3488
D242,242,https://atcoder.jp/contests/abc242/editorial/3520
D243,243,https://atcoder.jp/contests/abc243/editorial/3511
D244,244,https://atcoder.jp/contests/abc244/editorial/3594
D245,245,https://atcoder.jp/contests/abc245/editorial/3668
D246,246,https://blog.hamayanhamayan.com/entry/2022/04/03/012001
D247,247,https://atcoder.jp/contests/abc247/editorial/3781
D248,248,https://atcoder.jp/contests/abc248/editorial/3819
D250,250,https://atcoder.jp/contests/abc250/editorial/3950
D251,251,https://atcoder.jp/contests/abc251/editorial/3958
D252,252,https://atcoder.jp/contests/abc252/editorial/4011
D253,253,https://atcoder.jp/contests/abc253/editorial/4017
D254,254,https://atcoder.jp/contests/abc254/editorial/4088
D255,255,https://atcoder.jp/contests/abc255/editorial/4109
D256,256,https://atcoder.jp/contests/abc256/editorial/4159
D257,257,https://atcoder.jp/contests/abc257/editorial/4191
D258,258,https://atcoder.jp/contests/abc258/editorial/4257
D259,259,https://atcoder.jp/contests/abc259/editorial/4433
D260,260,https://atcoder.jp/contests/abc260/editorial/4488
D261,261,https://atcoder.jp/contests/abc261/editorial/4499
D262,262,https://atcoder.jp/contests/abc262/editorial/4539
D263,263,https://atcoder.jp/contests/abc263/editorial/4576
D264,264,https://atcoder.jp/contests/abc264/editorial/4582
D265,265,https://atcoder.jp/contests/abc265/editorial/4688
D266,266,https://atcoder.jp/contests/abc266/editorial/4661
D267,267,https://atcoder.jp/contests/abc267/editorial/4728
D269,269,https://atcoder.jp/contests/abc269/editorial/4845
D270,270,https://atcoder.jp/contests/abc270/editorial/4850
D271,271,https://atcoder.jp/contests/abc271/editorial/4922
D272,272,https://atcoder.jp/contests/abc272/editorial/4978
D273,273,https://atcoder.jp/contests/abc273/editorial/5022
D274,274,https://atcoder.jp/contests/abc274/editorial/5079
D275,275,https://atcoder.jp/contests/abc275/editorial/5110
D276,276,https://atcoder.jp/contests/abc276/editorial/5167
D277,277,https://atcoder.jp/contests/abc277/editorial/5203
D278,278,https://atcoder.jp/contests/abc278/editorial/5231
D279,279,https://atcoder.jp/contests/abc279/tasks/abc279_d/editorial?editorialLang=en
D280,280,https://atcoder.jp/contests/abc280/editorial/5330
D281,281,https://atcoder.jp/contests/abc281/editorial/5366
D282,282,https://atcoder.jp/contests/abc282/editorial/5397
D283,283,https://atcoder.jp/contests/abc283/editorial/5454
D284,284,https://atcoder.jp/contests/abc284/tasks/abc284_d/editorial?editorialLang=en
D285,285,https://atcoder.jp/contests/abc285/editorial/5512
D286,286,https://atcoder.jp/contests/abc286/editorial/5567
D287,287,https://atcoder.jp/contests/abc287/editorial/5631
D289,289,https://atcoder.jp/contests/abc289/editorial/5715
D290,290,https://atcoder.jp/contests/abc290/tasks/abc290_d/editorial?editorialLang=en
D291,291,https://atcoder.jp/contests/abc291/editorial/5838
D292,292,https://atcoder.jp/contests/abc292/editorial/5942
D293,293,https://atcoder.jp/contests/abc293/editorial/5954
D294,294,https://atcoder.jp/contests/abc294/editorial/6005
D295,295,https://atcoder.jp/contests/abc295/editorial/6059
D296,296,https://atcoder.jp/contests/abc296/editorial/6115
D297,297,https://atcoder.jp/contests/abc297/editorial/6160
D298,298,https://atcoder.jp/contests/abc298/editorial/6236
D299,299,https://atcoder.jp/contests/abc299/editorial/6245
D300,300,https://atcoder.jp/contests/abc300/editorial/6294
D301,301,https://atcoder.jp/contests/abc301/tasks/abc301_d/editorial?editorialLang=en
D302,302,https://atcoder.jp/contests/abc302/editorial/6406
D303,303,https://atcoder.jp/contests/abc303/editorial/6442
D304,304,https://atcoder.jp/contests/abc304/editorial/6499
D305,305,https://atcoder.jp/contests/abc305/editorial/6541
D306,306,https://atcoder.jp/contests/abc306/editorial/6606
D307,307,https://atcoder.jp/contests/abc307/editorial/6647
D308,308,https://atcoder.jp/contests/abc308/tasks/abc308_d/editorial?editorialLang=en
D309,309,https://atcoder.jp/contests/abc309/editorial/6747
D310,310,https://atcoder.jp/contests/abc310/editorial/6783
D311,311,https://atcoder.jp/contests/abc311/editorial/6821
D312,312,https://atcoder.jp/contests/abc312/editorial/6852
D313,313,https://atcoder.jp/contests/abc313/editorial/6921
